url, extraction, lexical, syntactic
https://www.imdb.com/name/nm0000997/bio,"Sadie Virginia (Arnett)",0,0
https://www.imdb.com/name/nm0000997/bio,"Delmar Lloyd Busey",0,1
https://www.imdb.com/name/nm6161516/bio,
https://www.imdb.com/name/nm0262869/bio,"Bill",0,1
https://www.imdb.com/name/nm0262869/bio,"Helen",0,0
https://www.imdb.com/name/nm2875873/bio,"Charlie Lea",1,1
https://www.imdb.com/name/nm0766912/bio,"Leonard Sanders",1,1
https://www.imdb.com/name/nm0766912/bio,"Blanche Thompson",1,1
https://www.imdb.com/name/nm1376654/bio,
https://www.imdb.com/name/nm1789970/bio,
https://www.imdb.com/name/nm0408586/bio,"Elaine Inescourt",1,1
https://www.imdb.com/name/nm2233310/bio,
https://www.imdb.com/name/nm0285569/bio,"Cybill Shepherd",1,0
https://www.imdb.com/name/nm0285569/bio,"David Ford",1,0
https://www.imdb.com/name/nm0005794/bio,
https://www.imdb.com/name/nm9622129/bio,
https://www.imdb.com/name/nm0016465/bio,
https://www.imdb.com/name/nm1162227/bio,
https://www.imdb.com/name/nm0317036/bio,
https://www.imdb.com/name/nm0424644/bio,
https://www.imdb.com/name/nm11166211/bio,"Christina Denver",1,1
https://www.imdb.com/name/nm11166211/bio,"Keith Denver",1,1
https://www.imdb.com/name/nm2976050/bio,
https://www.imdb.com/name/nm0156955/bio,"Hung Wei",0,0
https://www.imdb.com/name/nm0156955/bio,"Yim Dut",0,1
https://www.imdb.com/name/nm0218490/bio,"Edward Gabriel Lester",0,0
https://www.imdb.com/name/nm0002124/bio
https://www.imdb.com/name/nm1143816/bio,
