url, extraction, lexical, syntactic
https://www.imdb.com/name/nm0000997/bio,"Best Actor",1,1
https://www.imdb.com/name/nm6161516/bio,
https://www.imdb.com/name/nm0262869/bio,
https://www.imdb.com/name/nm2875873/bio,"Best Actress",0,0
https://www.imdb.com/name/nm0766912/bio,
https://www.imdb.com/name/nm1376654/bio,"Filmfare Awards",1,1
https://www.imdb.com/name/nm1789970/bio,
https://www.imdb.com/name/nm2233310/bio,
https://www.imdb.com/name/nm0285569/bio,
https://www.imdb.com/name/nm0005794/bio,"Oscar",1,1
https://www.imdb.com/name/nm9622129/bio,
https://www.imdb.com/name/nm0016465/bio,
https://www.imdb.com/name/nm1162227/bio,
https://www.imdb.com/name/nm0317036/bio,
https://www.imdb.com/name/nm0424644/bio,"Academy Award for Best Visual Effects",0,0
https://www.imdb.com/name/nm0424644/bio,"Academy Award",0,0
https://www.imdb.com/name/nm0424644/bio,"Special Achievement Academy Award",0,0
https://www.imdb.com/name/nm11166211/bio,
https://www.imdb.com/name/nm2976050/bio,"International Emmy Award",0,1
https://www.imdb.com/name/nm0156955/bio,"The Best Actor",0,0
https://www.imdb.com/name/nm0156955/bio,"The Best Actor",0,0
https://www.imdb.com/name/nm0156955/bio,"Best Supporting Actor",0,0
https://www.imdb.com/name/nm0002124/bio
https://www.imdb.com/name/nm1143816/bio,
